stage,old_median_ms,old_p95_ms,copy_median_ms,copy_p95_ms
Чтение DB3,4.001634000132981,8.268638399977135,3.8853749997542764,8.195119049969435
Декодирование,0.8220129998335324,2.674424899942096,0.8040955003707495,2.927529850103382
Сшивка целиком,253.9444864999041,398.80224264998105,127.7019525000469,261.1228517501786
Создание общего облака FrameData,10.484570000244275,25.57891480009857,10.086357499858423,24.448313500215587
Приём/индексирование/планировщик,11.991368500048338,27.92652100004034,11.583993999920494,27.996446999623004
STEP1: ходовые рельсы,129.11182450011438,169.57508414984656,24.935261999871727,63.401266699793275
STEP2: контактный рельс,141.0591700000623,312.56760144999583,71.54089099958583,168.14704664998317
C4 с подготовкой истории,162.42457799990007,232.16275820016102,137.0866414995362,212.69418070010036
Контракт геометрии C4,64.19181599994772,195.77177269998174,30.771540500154515,110.72867575026065
3D seed adapter,10.529075999784254,28.019533900032904,7.617922499321139,16.658576700456248
C4 smoothing,18.156449999878532,113.79616739991432,11.146434500005853,23.734328999762507
STEP6: восстановление рельсов,20.732910000333504,35.50746450009683,14.301841499673174,24.288010149439284
Provenance,3.605502000027627,19.379961750314518,2.296357499744772,6.748458799847869
Сериализация/запись решения,58.646299499969246,186.29312805001064,10.193000000072061,28.793257250072216
Геометрия целиком,568.1356805000632,826.9033247999912,341.4838889998464,503.45991520025564
